{
  "amino_acids": [
    {
      "code": "A",
      "name": "Alanine",
      "segment_length": 6.5,
      "thickness": 2.5,
      "base_angle": 0.0,
      "alpha_sensitivity": -0.5,
      "beta_sensitivity": 0.5,
      "is_propeller": false,
      "thrust_force": 0.0,
      "color": [0.3, 0.3, 0.3],
      "is_mouth": false,
      "energy_absorption_rate": 0.0,
      "beta_absorption_rate": 0.3,
      "beta_damage": 0.5,
      "energy_storage": 0.0,
      "energy_consumption": 0.001,
      "is_alpha_sensor": false,
      "is_beta_sensor": false,
      "signal_decay": 0.2,
      "alpha_left_mult": 0.8,
      "alpha_right_mult": 0.2,
      "beta_left_mult": 0.7,
      "beta_right_mult": 0.3
    },
    {
      "code": "C",
      "name": "Cysteine",
      "segment_length": 6.0,
      "thickness": 2.5,
      "base_angle": 0.0,
      "alpha_sensitivity": 0.9,
      "beta_sensitivity": -0.7,
      "is_propeller": false,
      "thrust_force": 0.0,
      "color": [1.0, 0.0, 0.0],
      "is_mouth": false,
      "energy_absorption_rate": 0.0,
      "beta_absorption_rate": 0.3,
      "beta_damage": 0.5,
      "energy_storage": 0.0,
      "energy_consumption": 0.001,
      "is_alpha_sensor": false,
      "is_beta_sensor": true,
      "signal_decay": 0.1,
      "alpha_left_mult": 0.5,
      "alpha_right_mult": 0.5,
      "beta_left_mult": 0.5,
      "beta_right_mult": 0.5
    },
    {
      "code": "D",
      "name": "Aspartic acid",
      "segment_length": 7.0,
      "thickness": 3.0,
      "base_angle": 0.0,
      "alpha_sensitivity": -0.4,
      "beta_sensitivity": 0.4,
      "is_propeller": false,
      "thrust_force": 0.0,
      "color": [0.35, 0.35, 0.35],
      "is_mouth": false,
      "energy_absorption_rate": 0.0,
      "beta_absorption_rate": 0.3,
      "beta_damage": 0.5,
      "energy_storage": 0.0,
      "energy_consumption": 0.001,
      "is_alpha_sensor": false,
      "is_beta_sensor": false,
      "signal_decay": 0.2,
      "alpha_left_mult": -0.2,
      "alpha_right_mult": 1.2,
      "beta_left_mult": -0.3,
      "beta_right_mult": 1.3
    },
    {
      "code": "E",
      "name": "Glutamic acid",
      "segment_length": 8.5,
      "thickness": 3.0,
      "base_angle": 0.0,
      "alpha_sensitivity": 0.5,
      "beta_sensitivity": -0.5,
      "is_propeller": false,
      "thrust_force": 0.0,
      "color": [0.4, 0.4, 0.4],
      "is_mouth": false,
      "energy_absorption_rate": 0.0,
      "beta_absorption_rate": 0.3,
      "beta_damage": 0.5,
      "energy_storage": 0.0,
      "energy_consumption": 0.001,
      "is_alpha_sensor": false,
      "is_beta_sensor": false,
      "signal_decay": 0.2,
      "alpha_left_mult": 1.4,
      "alpha_right_mult": -0.4,
      "beta_left_mult": 1.3,
      "beta_right_mult": -0.3
    },
    {
      "code": "F",
      "name": "Phenylalanine",
      "segment_length": 11.0,
      "thickness": 8.0,
      "base_angle": 0.0,
      "alpha_sensitivity": -0.2,
      "beta_sensitivity": 0.2,
      "is_propeller": false,
      "thrust_force": 0.0,
      "color": [0.25, 0.25, 0.25],
      "is_mouth": false,
      "energy_absorption_rate": 0.0,
      "beta_absorption_rate": 0.3,
      "beta_damage": 0.5,
      "energy_storage": 0.0,
      "energy_consumption": 0.001,
      "is_alpha_sensor": false,
      "is_beta_sensor": false,
      "signal_decay": 0.2,
      "alpha_left_mult": 0.6,
      "alpha_right_mult": 0.4,
      "beta_left_mult": 0.55,
      "beta_right_mult": 0.45
    },
    {
      "code": "G",
      "name": "Glycine",
      "segment_length": 4.0,
      "thickness": 0.75,
      "base_angle": 0.0,
      "alpha_sensitivity": 0.9,
      "beta_sensitivity": 0.9,
      "is_propeller": false,
      "thrust_force": 0.0,
      "color": [0.32, 0.32, 0.32],
      "is_mouth": false,
      "energy_absorption_rate": 0.0,
      "beta_absorption_rate": 0.2,
      "beta_damage": 0.3,
      "energy_storage": 0.0,
      "energy_consumption": 0.001,
      "is_alpha_sensor": false,
      "is_beta_sensor": false,
      "signal_decay": 0.3,
      "alpha_left_mult": 0.5,
      "alpha_right_mult": 0.5,
      "beta_left_mult": 0.5,
      "beta_right_mult": 0.5
    },
    {
      "code": "H",
      "name": "Histidine",
      "segment_length": 9.0,
      "thickness": 6.0,
      "base_angle": -1.0,
      "alpha_sensitivity": 0.3,
      "beta_sensitivity": -0.3,
      "is_propeller": false,
      "thrust_force": 0.0,
      "color": [0.28, 0.28, 0.28],
      "is_mouth": false,
      "energy_absorption_rate": 0.0,
      "beta_absorption_rate": 0.3,
      "beta_damage": 0.5,
      "energy_storage": 0.0,
      "energy_consumption": 0.001,
      "is_alpha_sensor": false,
      "is_beta_sensor": false,
      "signal_decay": 0.2,
      "alpha_left_mult": 1.2,
      "alpha_right_mult": -0.2,
      "beta_left_mult": -0.3,
      "beta_right_mult": 1.3
    },
    {
      "code": "I",
      "name": "Isoleucine",
      "segment_length": 9.0,
      "thickness": 5.5,
      "base_angle": 0.65,
      "alpha_sensitivity": -0.3,
      "beta_sensitivity": 0.3,
      "is_propeller": false,
      "thrust_force": 0.0,
      "color": [0.38, 0.38, 0.38],
      "is_mouth": false,
      "energy_absorption_rate": 0.0,
      "beta_absorption_rate": 0.3,
      "beta_damage": 0.5,
      "energy_storage": 0.0,
      "energy_consumption": 0.001,
      "is_alpha_sensor": false,
      "is_beta_sensor": false,
      "signal_decay": 0.2,
      "alpha_left_mult": 0.65,
      "alpha_right_mult": 0.35,
      "beta_left_mult": 0.7,
      "beta_right_mult": 0.3
    },
    {
      "code": "K",
      "name": "Lysine",
      "segment_length": 10.0,
      "thickness": 3.5,
      "base_angle": -0.5,
      "alpha_sensitivity": 0.6,
      "beta_sensitivity": -0.6,
      "is_propeller": false,
      "thrust_force": 0.0,
      "color": [1.0, 1.0, 0.0],
      "is_mouth": true,
      "energy_absorption_rate": 0.2,
      "beta_absorption_rate": 0.2,
      "beta_damage": 1.0,
      "energy_storage": 10.0,
      "energy_consumption": 0.002,
      "is_alpha_sensor": false,
      "is_beta_sensor": false,
      "signal_decay": 0.2,
      "alpha_left_mult": 1.4,
      "alpha_right_mult": -0.4,
      "beta_left_mult": 1.3,
      "beta_right_mult": -0.3
    },
    {
      "code": "L",
      "name": "Leucine",
      "segment_length": 8.5,
      "thickness": 5.0,
      "base_angle": 1.2,
      "alpha_sensitivity": -0.3,
      "beta_sensitivity": 0.3,
      "is_propeller": false,
      "thrust_force": 0.0,
      "color": [0.36, 0.36, 0.36],
      "is_mouth": false,
      "energy_absorption_rate": 0.0,
      "beta_absorption_rate": 0.3,
      "beta_damage": 0.5,
      "energy_storage": 0.0,
      "energy_consumption": 0.001,
      "is_alpha_sensor": false,
      "is_beta_sensor": false,
      "signal_decay": 0.2,
      "alpha_left_mult": -0.3,
      "alpha_right_mult": 1.3,
      "beta_left_mult": -0.2,
      "beta_right_mult": 1.2
    },
    {
      "code": "M",
      "name": "Methionine",
      "segment_length": 8.5,
      "thickness": 4.0,
      "base_angle": -0.85,
      "alpha_sensitivity": 0.4,
      "beta_sensitivity": -0.4,
      "is_propeller": false,
      "thrust_force": 0.0,
      "color": [0.8, 0.8, 0.2],
      "is_mouth": false,
      "energy_absorption_rate": 0.0,
      "beta_absorption_rate": 0.3,
      "beta_damage": 0.5,
      "energy_storage": 0.0,
      "energy_consumption": 0.001,
      "is_alpha_sensor": false,
      "is_beta_sensor": false,
      "signal_decay": 0.2,
      "alpha_left_mult": 0.8,
      "alpha_right_mult": 0.2,
      "beta_left_mult": -0.1,
      "beta_right_mult": 1.1
    },
    {
      "code": "N",
      "name": "Asparagine",
      "segment_length": 7.0,
      "thickness": 3.0,
      "base_angle": 0.3,
      "alpha_sensitivity": 0.5,
      "beta_sensitivity": -0.5,
      "is_propeller": false,
      "thrust_force": 0.0,
      "color": [0.27, 0.27, 0.27],
      "is_mouth": false,
      "energy_absorption_rate": 0.0,
      "beta_absorption_rate": 0.3,
      "beta_damage": 0.5,
      "energy_storage": 0.0,
      "energy_consumption": 0.001,
      "is_alpha_sensor": false,
      "is_beta_sensor": false,
      "signal_decay": 0.2,
      "alpha_left_mult": 0.7,
      "alpha_right_mult": 0.3,
      "beta_left_mult": 0.65,
      "beta_right_mult": 0.35
    },
    {
      "code": "P",
      "name": "Proline",
      "segment_length": 6.0,
      "thickness": 4.0,
      "base_angle": -1.5,
      "alpha_sensitivity": -1.0,
      "beta_sensitivity": 1.0,
      "is_propeller": false,
      "thrust_force": 0.0,
      "color": [0.0, 0.0, 0.5],
      "is_mouth": false,
      "energy_absorption_rate": 0.0,
      "beta_absorption_rate": 0.3,
      "beta_damage": 0.5,
      "energy_storage": 0.0,
      "energy_consumption": 0.004,
      "is_alpha_sensor": false,
      "is_beta_sensor": false,
      "signal_decay": 0.2,
      "alpha_left_mult": 1.5,
      "alpha_right_mult": -0.5,
      "beta_left_mult": 1.4,
      "beta_right_mult": -0.4
    },
    {
      "code": "Q",
      "name": "Glutamine",
      "segment_length": 8.5,
      "thickness": 3.0,
      "base_angle": 1.0,
      "alpha_sensitivity": 0.4,
      "beta_sensitivity": -0.4,
      "is_propeller": false,
      "thrust_force": 0.0,
      "color": [0.34, 0.34, 0.34],
      "is_mouth": false,
      "energy_absorption_rate": 0.0,
      "beta_absorption_rate": 0.3,
      "beta_damage": 0.5,
      "energy_storage": 0.0,
      "energy_consumption": 0.001,
      "is_alpha_sensor": false,
      "is_beta_sensor": false,
      "signal_decay": 0.2,
      "alpha_left_mult": 1.0,
      "alpha_right_mult": 0.0,
      "beta_left_mult": 0.75,
      "beta_right_mult": 0.25
    },
    {
      "code": "R",
      "name": "Arginine",
      "segment_length": 11.5,
      "thickness": 3.5,
      "base_angle": -0.6,
      "alpha_sensitivity": 0.5,
      "beta_sensitivity": -0.5,
      "is_propeller": false,
      "thrust_force": 0.0,
      "color": [0.29, 0.29, 0.29],
      "is_mouth": false,
      "energy_absorption_rate": 0.0,
      "beta_absorption_rate": 0.3,
      "beta_damage": 0.5,
      "energy_storage": 0.0,
      "energy_consumption": 0.001,
      "is_alpha_sensor": false,
      "is_beta_sensor": false,
      "signal_decay": 0.2,
      "alpha_left_mult": -0.4,
      "alpha_right_mult": 1.4,
      "beta_left_mult": -0.3,
      "beta_right_mult": 1.3
    },
    {
      "code": "S",
      "name": "Serine",
      "segment_length": 5.5,
      "thickness": 2.5,
      "base_angle": 0.15,
      "alpha_sensitivity": -0.2,
      "beta_sensitivity": 0.3,
      "is_propeller": false,
      "thrust_force": 0.0,
      "color": [0.0, 1.0, 0.0],
      "is_mouth": false,
      "energy_absorption_rate": 0.0,
      "beta_absorption_rate": 0.2,
      "beta_damage": 0.4,
      "energy_storage": 0.0,
      "energy_consumption": 0.001,
      "is_alpha_sensor": true,
      "is_beta_sensor": false,
      "signal_decay": 0.1,
      "alpha_left_mult": 0.5,
      "alpha_right_mult": 0.5,
      "beta_left_mult": 0.5,
      "beta_right_mult": 0.5
    },
    {
      "code": "T",
      "name": "Threonine",
      "segment_length": 6.5,
      "thickness": 3.5,
      "base_angle": -0.8,
      "alpha_sensitivity": 0.5,
      "beta_sensitivity": -0.5,
      "is_propeller": false,
      "thrust_force": 0.0,
      "color": [0.31, 0.31, 0.31],
      "is_mouth": false,
      "energy_absorption_rate": 0.0,
      "beta_absorption_rate": 0.2,
      "beta_damage": 0.4,
      "energy_storage": 0.0,
      "energy_consumption": 0.001,
      "is_alpha_sensor": false,
      "is_beta_sensor": false,
      "signal_decay": 0.2,
      "alpha_left_mult": 0.9,
      "alpha_right_mult": 0.1,
      "beta_left_mult": 1.0,
      "beta_right_mult": 0.0
    },
    {
      "code": "V",
      "name": "Valine",
      "segment_length": 7.5,
      "thickness": 5.0,
      "base_angle": 1.4,
      "alpha_sensitivity": -0.3,
      "beta_sensitivity": 0.3,
      "is_propeller": false,
      "thrust_force": 0.0,
      "color": [0.37, 0.37, 0.37],
      "is_mouth": false,
      "energy_absorption_rate": 0.0,
      "beta_absorption_rate": 0.3,
      "beta_damage": 0.5,
      "energy_storage": 0.0,
      "energy_consumption": 0.001,
      "is_alpha_sensor": false,
      "is_beta_sensor": false,
      "signal_decay": 0.2,
      "alpha_left_mult": -0.3,
      "alpha_right_mult": 1.3,
      "beta_left_mult": 1.2,
      "beta_right_mult": -0.2
    },
    {
      "code": "W",
      "name": "Tryptophan",
      "segment_length": 16.0,
      "thickness": 12.0,
      "base_angle": -0.35,
      "alpha_sensitivity": 0.1,
      "beta_sensitivity": -0.1,
      "is_propeller": false,
      "thrust_force": 0.0,
      "color": [1.0, 0.5, 0.0],
      "is_mouth": false,
      "energy_absorption_rate": 0.0,
      "beta_absorption_rate": 0.4,
      "beta_damage": 0.6,
      "energy_storage": 10.0,
      "energy_consumption": 0.001,
      "is_alpha_sensor": false,
      "is_beta_sensor": false,
      "signal_decay": 0.15,
      "alpha_left_mult": 0.55,
      "alpha_right_mult": 0.45,
      "beta_left_mult": 0.6,
      "beta_right_mult": 0.4
    },
    {
      "code": "Y",
      "name": "Tyrosine",
      "segment_length": 11.5,
      "thickness": 4.0,
      "base_angle": 0.9,
      "alpha_sensitivity": -0.2,
      "beta_sensitivity": 0.2,
      "is_propeller": false,
      "thrust_force": 0.0,
      "color": [0.26, 0.26, 0.26],
      "is_mouth": false,
      "energy_absorption_rate": 0.0,
      "beta_absorption_rate": 0.3,
      "beta_damage": 0.5,
      "energy_storage": 0.0,
      "energy_consumption": 0.001,
      "is_alpha_sensor": false,
      "is_beta_sensor": false,
      "signal_decay": 0.2,
      "alpha_left_mult": -0.5,
      "alpha_right_mult": 1.5,
      "beta_left_mult": -0.4,
      "beta_right_mult": 1.4
    }
  ]
}
