{
  "camera_zoom": 1.6064594,
  "spawn_probability": 1.0,
  "death_probability": 0.001,
  "mutation_rate": 0.001,
  "auto_replenish": true,
  "diffusion_interval": 1,
  "slope_interval": 1,
  "alpha_blur": 0.0005,
  "beta_blur": 0.0,
  "gamma_blur": 0.0,
  "alpha_slope_bias": -1.0,
  "beta_slope_bias": -1.0,
  "alpha_multiplier": 0.0005,
  "beta_multiplier": 0.001,
  "alpha_rain_map_path": null,
  "beta_rain_map_path": "C:\\Users\\1825\\Desktop\\pellets.jpg",
  "chemical_slope_scale_alpha": 0.2,
  "chemical_slope_scale_beta": 0.2,
  "food_power": 5.0,
  "poison_power": 5.0,
  "amino_maintenance_cost": 0.0003,
  "pairing_cost": 0.01,
  "prop_wash_strength": 0.5,
  "repulsion_strength": 0.0,
  "agent_repulsion_strength": 0.01,
  "limit_fps": false,
  "limit_fps_25": false,
  "render_interval": 50,
  "gamma_debug_visual": false,
  "slope_debug_visual": false,
  "rain_debug_visual": false,
  "vector_force_power": 0.0,
  "vector_force_x": 0.0,
  "vector_force_y": 0.005,
  "gamma_hidden": true,
  "debug_per_segment": false,
  "gamma_vis_min": 0.0,
  "gamma_vis_max": 0.5,
  "alpha_show": true,
  "beta_show": true,
  "gamma_show": true,
  "slope_lighting": false,
  "slope_lighting_strength": 5.0,
  "trail_diffusion": 1.0,
  "trail_decay": 0.99,
  "trail_opacity": 0.0,
  "trail_show": false,
  "interior_isotropic": false,
  "ignore_stop_codons": false,
  "require_start_codon": true,
  "asexual_reproduction": true,
  "alpha_rain_variation": 0.0,
  "beta_rain_variation": 0.0,
  "alpha_rain_phase": 0.0,
  "beta_rain_phase": 3.3,
  "alpha_rain_freq": 0.1,
  "beta_rain_freq": 0.1,
  "difficulty": {
    "food_power": {
      "enabled": false,
      "min_threshold": 500.0,
      "max_threshold": 3000.0,
      "adjustment_percent": 5.0,
      "cooldown_epochs": 5000,
      "last_adjustment_epoch": 0,
      "difficulty_level": 0
    },
    "poison_power": {
      "enabled": false,
      "min_threshold": 500.0,
      "max_threshold": 3000.0,
      "adjustment_percent": 5.0,
      "cooldown_epochs": 5000,
      "last_adjustment_epoch": 0,
      "difficulty_level": 0
    },
    "spawn_prob": {
      "enabled": false,
      "min_threshold": 1000.0,
      "max_threshold": 5000.0,
      "adjustment_percent": 10.0,
      "cooldown_epochs": 600,
      "last_adjustment_epoch": 0,
      "difficulty_level": 0
    },
    "death_prob": {
      "enabled": false,
      "min_threshold": 1000.0,
      "max_threshold": 5000.0,
      "adjustment_percent": 10.0,
      "cooldown_epochs": 600,
      "last_adjustment_epoch": 0,
      "difficulty_level": 0
    },
    "alpha_rain": {
      "enabled": false,
      "min_threshold": 500.0,
      "max_threshold": 5000.0,
      "adjustment_percent": 5.0,
      "cooldown_epochs": 5000,
      "last_adjustment_epoch": 0,
      "difficulty_level": 0
    },
    "beta_rain": {
      "enabled": false,
      "min_threshold": 1000.0,
      "max_threshold": 5000.0,
      "adjustment_percent": 10.0,
      "cooldown_epochs": 600,
      "last_adjustment_epoch": 0,
      "difficulty_level": 0
    }
  },
  "background_color": [
    0.0,
    0.0,
    0.0
  ],
  "alpha_blend_mode": 0,
  "beta_blend_mode": 0,
  "gamma_blend_mode": 0,
  "slope_blend_mode": 0,
  "alpha_color": [
    0.0627451,
    0.41960785,
    0.0
  ],
  "beta_color": [
    1.0,
    0.0,
    0.0
  ],
  "gamma_color": [
    0.0,
    0.10980392,
    0.43529412
  ],
  "grid_interpolation": 0,
  "alpha_gamma_adjust": 1.0,
  "beta_gamma_adjust": 1.0,
  "gamma_gamma_adjust": 1.6,
  "light_direction": [
    0.2,
    -0.1,
    0.15
  ],
  "light_power": 1.72,
  "agent_blend_mode": 0,
  "agent_color": [
    0.85882354,
    0.49803922,
    0.49803922
  ],
  "agent_color_blend": 0.0,
  "alpha_noise_scale": 10.0,
  "beta_noise_scale": 1.0,
  "gamma_noise_scale": 0.5,
  "noise_power": 1.0,
  "agent_trail_decay": 1.0
}