{
  "parts": [
    {
      "index": 0,
      "name": "A",
      "vec4": [
        [
          8.5,
          2.5,
          0.1,
          0.015
        ],
        [
          -0.2,
          0.2,
          0.0,
          0.001
        ],
        [
          0.3,
          0.3,
          0.3,
          1.0
        ],
        [
          0.0,
          0.3,
          -0.73,
          -0.23
        ],
        [
          0.2,
          0.8,
          0.2,
          0.7
        ],
        [
          0.3,
          0.0,
          0.0,
          0.0
        ]
      ]
    },
    {
      "index": 1,
      "name": "C",
      "vec4": [
        [
          10.0,
          2.5,
          0.13,
          0.02
        ],
        [
          0.0,
          0.349066,
          0.0,
          0.001
        ],
        [
          0.1,
          0.1,
          0.1,
          1.0
        ],
        [
          0.0,
          0.3,
          0.42,
          0.67
        ],
        [
          0.2,
          0.5,
          0.5,
          0.5
        ],
        [
          0.5,
          0.0,
          0.0,
          0.0
        ]
      ]
    },
    {
      "index": 2,
      "name": "D",
      "vec4": [
        [
          13.0,
          3.0,
          0.05,
          0.018
        ],
        [
          -0.2,
          0.3,
          0.0,
          0.001
        ],
        [
          0.5,
          0.1,
          0.1,
          1.0
        ],
        [
          0.0,
          0.3,
          -0.91,
          -0.91
        ],
        [
          1.0,
          -0.2,
          1.2,
          -0.3
        ],
        [
          1.3,
          0.0,
          0.0,
          0.0
        ]
      ]
    },
    {
      "index": 3,
      "name": "E",
      "vec4": [
        [
          13.0,
          3.0,
          -0.12,
          0.02
        ],
        [
          0.1,
          0.12,
          0.0,
          0.003
        ],
        [
          0.9,
          0.3,
          0.2,
          1.0
        ],
        [
          0.0,
          0.3,
          -0.58,
          -0.058
        ],
        [
          0.2,
          0.6,
          0.4,
          0.55
        ],
        [
          0.45,
          0.0,
          0.0,
          0.0
        ]
      ]
    },
    {
      "index": 4,
      "name": "F",
      "vec4": [
        [
          13.0,
          4.5,
          0.03,
          0.01
        ],
        [
          0.2,
          -0.33,
          0.0,
          0.001
        ],
        [
          0.6,
          0.3,
          0.0,
          1.0
        ],
        [
          0.0,
          0.3,
          0.17,
          0.17
        ],
        [
          0.2,
          1.4,
          -0.4,
          1.3
        ],
        [
          -0.3,
          0.0,
          0.0,
          0.0
        ]
      ]
    },
    {
      "index": 5,
      "name": "G",
      "vec4": [
        [
          4.0,
          3.0,
          -0.06,
          0.02
        ],
        [
          0.7,
          0.1,
          0.0,
          0.001
        ],
        [
          0.9,
          0.9,
          0.9,
          1.0
        ],
        [
          0.0,
          0.0,
          0.88,
          0.88
        ],
        [
          0.3,
          0.5,
          0.5,
          0.5
        ],
        [
          0.5,
          0.0,
          0.0,
          0.0
        ]
      ]
    },
    {
      "index": 6,
      "name": "H",
      "vec4": [
        [
          9.0,
          4.0,
          -0.07,
          0.02
        ],
        [
          0.2,
          -0.61,
          0.0,
          0.001
        ],
        [
          0.3,
          0.5,
          0.8,
          1.0
        ],
        [
          0.0,
          0.3,
          -0.35,
          -0.35
        ],
        [
          0.2,
          1.2,
          -0.2,
          -0.3
        ],
        [
          1.3,
          0.0,
          0.0,
          0.0
        ]
      ]
    },
    {
      "index": 7,
      "name": "I",
      "vec4": [
        [
          19.0,
          5.5,
          0.09,
          0.02
        ],
        [
          -0.3,
          0.69,
          0.0,
          0.001
        ],
        [
          0.38,
          0.38,
          0.38,
          1.0
        ],
        [
          0.0,
          0.3,
          0.61,
          0.61
        ],
        [
          0.2,
          0.65,
          0.35,
          0.7
        ],
        [
          0.3,
          0.0,
          0.0,
          0.0
        ]
      ]
    },
    {
      "index": 8,
      "name": "K",
      "vec4": [
        [
          15.0,
          3.5,
          0.31,
          0.03
        ],
        [
          0.6,
          -0.16,
          0.0,
          0.001
        ],
        [
          0.1,
          0.1,
          0.2,
          1.0
        ],
        [
          0.0,
          0.3,
          -0.12,
          -0.12
        ],
        [
          0.2,
          0.7,
          0.3,
          0.65
        ],
        [
          0.35,
          0.0,
          0.0,
          0.0
        ]
      ]
    },
    {
      "index": 9,
      "name": "L",
      "vec4": [
        [
          13.0,
          4.5,
          -0.24,
          0.02
        ],
        [
          -0.3332,
          0.1,
          0.0,
          0.001
        ],
        [
          0.6,
          0.5,
          0.2,
          1.0
        ],
        [
          0.0,
          0.3,
          0.95,
          0.95
        ],
        [
          0.2,
          0.35,
          0.65,
          0.4
        ],
        [
          0.6,
          0.0,
          0.0,
          0.0
        ]
      ]
    },
    {
      "index": 10,
      "name": "M",
      "vec4": [
        [
          8.5,
          4.0,
          -0.52,
          0.02
        ],
        [
          0.14,
          -0.64,
          0.0,
          0.001
        ],
        [
          0.3,
          0.3,
          0.2,
          1.0
        ],
        [
          0.0,
          0.3,
          -0.48,
          -0.48
        ],
        [
          0.2,
          0.8,
          0.2,
          -0.1
        ],
        [
          1.1,
          0.0,
          0.0,
          0.0
        ]
      ]
    },
    {
      "index": 11,
      "name": "N",
      "vec4": [
        [
          16.0,
          6.0,
          0.21,
          0.15
        ],
        [
          0.2,
          0.3,
          0.0,
          0.001
        ],
        [
          0.1,
          0.1,
          0.2,
          1.0
        ],
        [
          0.0,
          0.0,
          0.24,
          0.24
        ],
        [
          0.2,
          0.5,
          0.5,
          0.5
        ],
        [
          0.5,
          0.0,
          0.0,
          0.0
        ]
      ]
    },
    {
      "index": 12,
      "name": "P",
      "vec4": [
        [
          16.0,
          8.0,
          -0.333,
          0.05
        ],
        [
          0.5,
          -0.1,
          2.5,
          0.01
        ],
        [
          0.1,
          0.0,
          0.2,
          1.0
        ],
        [
          0.0,
          0.3,
          -0.77,
          -0.77
        ],
        [
          0.2,
          1.5,
          -0.5,
          1.4
        ],
        [
          -0.4,
          0.0,
          0.0,
          0.0
        ]
      ]
    },
    {
      "index": 13,
      "name": "Q",
      "vec4": [
        [
          8.5,
          3.0,
          -0.221,
          0.02
        ],
        [
          0.24,
          -0.4,
          0.0,
          0.001
        ],
        [
          0.34,
          0.34,
          0.34,
          1.0
        ],
        [
          0.0,
          0.3,
          0.53,
          0.53
        ],
        [
          0.2,
          1.0,
          0.0,
          0.75
        ],
        [
          0.25,
          0.0,
          0.0,
          0.0
        ]
      ]
    },
    {
      "index": 14,
      "name": "R",
      "vec4": [
        [
          18.5,
          3.5,
          -0.27,
          0.04
        ],
        [
          0.5,
          -0.15,
          0.0,
          0.001
        ],
        [
          0.29,
          0.29,
          0.29,
          1.0
        ],
        [
          0.0,
          0.3,
          -0.29,
          -0.29
        ],
        [
          0.2,
          -0.4,
          1.4,
          -0.3
        ],
        [
          1.3,
          0.0,
          0.0,
          0.0
        ]
      ]
    },
    {
      "index": 15,
      "name": "S",
      "vec4": [
        [
          10.5,
          2.5,
          -0.349066,
          0.02
        ],
        [
          -0.349066,
          0.0,
          0.0,
          0.001
        ],
        [
          0.0,
          0.2,
          0.1,
          1.0
        ],
        [
          0.0,
          0.2,
          0.71,
          0.71
        ],
        [
          0.2,
          0.5,
          0.5,
          0.5
        ],
        [
          0.5,
          0.0,
          0.0,
          0.0
        ]
      ]
    },
    {
      "index": 16,
      "name": "T",
      "vec4": [
        [
          10.5,
          3.5,
          0.10112,
          0.02
        ],
        [
          0.1,
          -0.5,
          0.0,
          0.001
        ],
        [
          0.45,
          0.15,
          0.45,
          1.0
        ],
        [
          0.0,
          0.2,
          -0.66,
          -0.66
        ],
        [
          0.2,
          0.6,
          0.4,
          0.7
        ],
        [
          0.3,
          0.0,
          0.0,
          0.0
        ]
      ]
    },
    {
      "index": 17,
      "name": "V",
      "vec4": [
        [
          12.0,
          8.0,
          0.09,
          0.04
        ],
        [
          -0.3,
          0.73,
          0.0,
          0.001
        ],
        [
          0.2,
          0.3,
          0.4,
          1.0
        ],
        [
          0.0,
          0.3,
          0.36,
          0.36
        ],
        [
          0.2,
          0.35,
          0.65,
          0.6
        ],
        [
          0.4,
          0.0,
          0.0,
          0.0
        ]
      ]
    },
    {
      "index": 18,
      "name": "W",
      "vec4": [
        [
          16.0,
          4.0,
          0.349066,
          0.01
        ],
        [
          0.31,
          -0.1,
          0.0,
          0.001
        ],
        [
          0.3,
          0.3,
          0.2,
          1.0
        ],
        [
          0.0,
          0.4,
          -0.84,
          -0.84
        ],
        [
          0.2,
          0.55,
          0.45,
          0.6
        ],
        [
          0.4,
          0.0,
          0.0,
          0.0
        ]
      ]
    },
    {
      "index": 19,
      "name": "Y",
      "vec4": [
        [
          11.5,
          4.0,
          -0.523599,
          0.03
        ],
        [
          -0.2,
          0.52,
          0.0,
          0.001
        ],
        [
          0.5,
          0.6,
          0.4,
          1.0
        ],
        [
          0.0,
          0.3,
          0.08,
          0.08
        ],
        [
          0.2,
          0.25,
          0.75,
          0.3
        ],
        [
          0.7,
          0.0,
          0.0,
          0.0
        ]
      ]
    },
    {
      "index": 20,
      "name": "MOUTH",
      "vec4": [
        [
          8.0,
          3.5,
          0.0872665,
          0.05
        ],
        [
          0.6,
          -0.16,
          0.0,
          0.0025
        ],
        [
          1.0,
          1.0,
          0.0,
          10.0
        ],
        [
          0.8,
          0.8,
          -0.12,
          -0.12
        ],
        [
          0.2,
          1.4,
          -0.4,
          1.3
        ],
        [
          -0.3,
          0.0,
          0.0,
          0.0
        ]
      ]
    },
    {
      "index": 21,
      "name": "PROPELLER",
      "vec4": [
        [
          16.0,
          8.0,
          -0.523599,
          0.05
        ],
        [
          0.5,
          -0.1,
          10.0,
          0.007
        ],
        [
          0.0,
          0.0,
          1.1,
          0.0
        ],
        [
          0.0,
          0.3,
          -0.77,
          -0.77
        ],
        [
          0.99,
          0.45,
          0.55,
          0.5
        ],
        [
          0.5,
          0.0,
          0.0,
          0.0
        ]
      ]
    },
    {
      "index": 22,
      "name": "ALPHA_SENSOR",
      "vec4": [
        [
          10.5,
          2.5,
          -0.2349066,
          0.05
        ],
        [
          -0.1349066,
          -0.05,
          0.0,
          0.00005
        ],
        [
          0.0,
          1.0,
          0.0,
          0.0
        ],
        [
          0.0,
          0.2,
          0.71,
          0.71
        ],
        [
          0.1,
          0.5,
          0.5,
          0.5
        ],
        [
          0.5,
          0.0,
          0.0,
          0.0
        ]
      ]
    },
    {
      "index": 23,
      "name": "BETA_SENSOR",
      "vec4": [
        [
          10.0,
          2.5,
          0.3523599,
          0.05
        ],
        [
          0.0,
          0.1349066,
          0.0,
          0.00005
        ],
        [
          1.0,
          0.0,
          0.0,
          0.0
        ],
        [
          0.0,
          0.3,
          0.42,
          0.42
        ],
        [
          0.1,
          0.5,
          0.5,
          0.5
        ],
        [
          0.5,
          0.0,
          0.0,
          0.0
        ]
      ]
    },
    {
      "index": 24,
      "name": "ENERGY_SENSOR",
      "vec4": [
        [
          10.5,
          3.5,
          0.4570796,
          0.05
        ],
        [
          0.1,
          -0.15,
          0.0,
          0.00005
        ],
        [
          0.6,
          0.0,
          0.8,
          0.0
        ],
        [
          0.0,
          0.2,
          -0.66,
          -0.66
        ],
        [
          0.2,
          0.9,
          0.1,
          0.85
        ],
        [
          0.15,
          0.0,
          0.0,
          0.0
        ]
      ]
    },
    {
      "index": 25,
      "name": "ALPHA_EMITTER",
      "vec4": [
        [
          12.0,
          8.0,
          0.08151,
          0.02
        ],
        [
          -0.13,
          0.173,
          0.0,
          0.001
        ],
        [
          0.0,
          1.0,
          1.0,
          0.0
        ],
        [
          0.0,
          0.3,
          0.36,
          0.36
        ],
        [
          0.2,
          -0.3,
          1.3,
          1.2
        ],
        [
          -0.2,
          0.0,
          0.0,
          0.0
        ]
      ]
    },
    {
      "index": 26,
      "name": "ENABLER",
      "vec4": [
        [
          6.0,
          6.0,
          0.6785398,
          0.05
        ],
        [
          0.2,
          0.3,
          0.0,
          0.001
        ],
        [
          1.0,
          1.0,
          1.0,
          0.0
        ],
        [
          0.0,
          0.0,
          0.24,
          0.24
        ],
        [
          0.2,
          0.5,
          0.5,
          0.5
        ],
        [
          0.5,
          0.0,
          0.0,
          0.0
        ]
      ]
    },
    {
      "index": 27,
      "name": "BETA_EMITTER",
      "vec4": [
        [
          8.0,
          3.0,
          0.0,
          0.2
        ],
        [
          0.0,
          0.0,
          0.0,
          0.0
        ],
        [
          0.5,
          0.5,
          0.5,
          0.0
        ],
        [
          0.0,
          0.0,
          0.0,
          0.0
        ],
        [
          0.2,
          0.5,
          0.5,
          0.5
        ],
        [
          0.5,
          0.0,
          0.0,
          0.0
        ]
      ]
    },
    {
      "index": 28,
      "name": "STORAGE",
      "vec4": [
        [
          20.0,
          22.0,
          0.1349066,
          1.3
        ],
        [
          0.31,
          -0.1,
          0.0,
          0.001
        ],
        [
          1.0,
          0.5,
          0.0,
          10.0
        ],
        [
          0.0,
          0.4,
          -0.84,
          -0.84
        ],
        [
          0.15,
          0.55,
          0.45,
          0.6
        ],
        [
          0.4,
          0.0,
          0.0,
          0.0
        ]
      ]
    },
    {
      "index": 29,
      "name": "POISON_RESIST",
      "vec4": [
        [
          16.0,
          30.0,
          -0.47198,
          0.05
        ],
        [
          0.1,
          0.12,
          0.0,
          0.003
        ],
        [
          1.0,
          0.4,
          0.7,
          0.0
        ],
        [
          0.0,
          0.3,
          -0.58,
          -0.58
        ],
        [
          0.2,
          0.6,
          0.4,
          0.55
        ],
        [
          0.45,
          0.0,
          0.0,
          0.0
        ]
      ]
    },
    {
      "index": 30,
      "name": "CHIRAL_FLIPPER",
      "vec4": [
        [
          13.0,
          10.0,
          -0.174533,
          0.02
        ],
        [
          -0.3332,
          0.1,
          0.0,
          0.001
        ],
        [
          1.0,
          0.0,
          1.0,
          0.0
        ],
        [
          0.0,
          0.3,
          0.95,
          0.95
        ],
        [
          0.2,
          -0.3,
          1.3,
          -0.2
        ],
        [
          1.2,
          0.0,
          0.0,
          0.0
        ]
      ]
    },
    {
      "index": 31,
      "name": "CLOCK",
      "vec4": [
        [
          7.0,
          7.0,
          0.0,
          0.03
        ],
        [
          0.0,
          0.0,
          0.0,
          0.0001
        ],
        [
          1.0,
          0.0,
          1.0,
          0.0
        ],
        [
          0.0,
          0.0,
          0.0,
          0.0
        ],
        [
          0.05,
          0.5,
          0.5,
          0.5
        ],
        [
          0.5,
          0.0,
          0.0,
          0.0
        ]
      ]
    },
    {
      "index": 32,
      "name": "SLOPE_SENSOR",
      "vec4": [
        [
          9.0,
          3.0,
          0.1745329,
          0.05
        ],
        [
          0.0,
          0.0,
          0.0,
          0.00005
        ],
        [
          0.0,
          0.8,
          0.8,
          0.0
        ],
        [
          0.0,
          0.1,
          0.6,
          0.6
        ],
        [
          0.1,
          0.5,
          0.5,
          0.5
        ],
        [
          0.5,
          0.0,
          0.0,
          0.0
        ]
      ]
    },
    {
      "index": 33,
      "name": "VAMPIRE_MOUTH",
      "vec4": [
        [
          18.5,
          8.0,
          0.03,
          0.015
        ],
        [
          0.2,
          -0.33,
          0.0,
          0.003
        ],
        [
          1.0,
          0.0,
          0.0,
          20.0
        ],
        [
          0.0,
          0.3,
          0.17,
          0.17
        ],
        [
          0.2,
          1.4,
          -0.4,
          1.3
        ],
        [
          -0.3,
          0.0,
          0.0,
          0.0
        ]
      ]
    },
    {
      "index": 34,
      "name": "AGENT_ALPHA_SENSOR",
      "vec4": [
        [
          13.0,
          10.0,
          -0.24,
          0.025
        ],
        [
          -0.3332,
          0.1,
          0.0,
          0.0015
        ],
        [
          0.2,
          0.0,
          0.2,
          0.0
        ],
        [
          0.0,
          0.3,
          0.95,
          0.95
        ],
        [
          0.2,
          0.35,
          0.65,
          0.4
        ],
        [
          0.6,
          0.0,
          0.0,
          0.0
        ]
      ]
    },
    {
      "index": 35,
      "name": "AGENT_BETA_SENSOR",
      "vec4": [
        [
          11.5,
          9.0,
          -0.523599,
          0.03
        ],
        [
          -0.2,
          0.52,
          0.0,
          0.0015
        ],
        [
          0.26,
          0.26,
          0.26,
          0.0
        ],
        [
          0.0,
          0.3,
          0.08,
          0.08
        ],
        [
          0.2,
          0.25,
          0.75,
          0.3
        ],
        [
          0.7,
          0.0,
          0.0,
          0.0
        ]
      ]
    },
    {
      "index": 36,
      "name": "UNUSED_36",
      "vec4": [
        [
          10.0,
          5.0,
          0.0,
          0.02
        ],
        [
          0.0,
          0.0,
          0.0,
          0.001
        ],
        [
          0.5,
          0.5,
          0.5,
          0.0
        ],
        [
          0.0,
          0.2,
          0.0,
          0.0
        ],
        [
          0.2,
          0.5,
          0.5,
          0.5
        ],
        [
          0.0,
          0.0,
          0.0,
          0.0
        ]
      ]
    },
    {
      "index": 37,
      "name": "TRAIL_ENERGY_SENSOR",
      "vec4": [
        [
          11.0,
          3.0,
          0.3,
          0.04
        ],
        [
          0.05,
          -0.1,
          0.0,
          0.001
        ],
        [
          0.8,
          0.6,
          0.2,
          0.0
        ],
        [
          0.0,
          0.25,
          0.5,
          0.5
        ],
        [
          0.15,
          0.6,
          0.4,
          0.7
        ],
        [
          0.4,
          0.0,
          0.0,
          0.0
        ]
      ]
    },
    {
      "index": 38,
      "name": "ALPHA_MAG_SENSOR",
      "vec4": [
        [
          10.0,
          2.5,
          -0.1,
          0.045
        ],
        [
          -0.05,
          -0.08,
          0.0,
          0.00005
        ],
        [
          0.2,
          0.9,
          0.3,
          0.0
        ],
        [
          0.0,
          0.2,
          0.65,
          0.65
        ],
        [
          0.1,
          0.5,
          0.5,
          0.5
        ],
        [
          0.5,
          0.0,
          0.0,
          0.0
        ]
      ]
    },
    {
      "index": 39,
      "name": "ALPHA_MAG_SENSOR_V2",
      "vec4": [
        [
          10.5,
          2.8,
          0.15,
          0.05
        ],
        [
          -0.1,
          -0.03,
          0.0,
          0.00005
        ],
        [
          0.3,
          1.0,
          0.4,
          0.0
        ],
        [
          0.0,
          0.2,
          0.68,
          0.68
        ],
        [
          0.1,
          0.5,
          0.5,
          0.5
        ],
        [
          0.5,
          0.0,
          0.0,
          0.0
        ]
      ]
    },
    {
      "index": 40,
      "name": "BETA_MAG_SENSOR",
      "vec4": [
        [
          10.0,
          2.5,
          0.25,
          0.05
        ],
        [
          0.05,
          0.15,
          0.0,
          0.00005
        ],
        [
          0.9,
          0.2,
          0.3,
          0.0
        ],
        [
          0.0,
          0.3,
          0.38,
          0.38
        ],
        [
          0.1,
          0.5,
          0.5,
          0.5
        ],
        [
          0.5,
          0.0,
          0.0,
          0.0
        ]
      ]
    },
    {
      "index": 41,
      "name": "BETA_MAG_SENSOR_V2",
      "vec4": [
        [
          10.5,
          2.8,
          0.4,
          0.05
        ],
        [
          0.0,
          0.12,
          0.0,
          0.00005
        ],
        [
          1.0,
          0.3,
          0.4,
          0.0
        ],
        [
          0.0,
          0.3,
          0.4,
          0.4
        ],
        [
          0.1,
          0.5,
          0.5,
          0.5
        ],
        [
          0.5,
          0.0,
          0.0,
          0.0
        ]
      ]
    },
    {
      "index": 42,
      "name": "ANCHOR",
      "vec4": [
        [
          10.0,
          4.0,
          0.0,
          0.05
        ],
        [
          0.0,
          0.0,
          0.0,
          0.00005
        ],
        [
          0.6,
          0.0,
          0.8,
          0.0
        ],
        [
          0.0,
          0.0,
          0.0,
          0.0
        ],
        [
          0.997,
          0.5,
          0.5,
          0.5
        ],
        [
          0.0,
          0.0,
          0.0,
          0.0
        ]
      ]
    },
    {
      "index": 43,
      "name": "MUTATION_PROTECTION",
      "vec4": [
        [
          9.0,
          4.0,
          -0.07,
          0.02
        ],
        [
          0.2,
          -0.61,
          0.0,
          0.001
        ],
        [
          0.6,
          0.4,
          0.2,
          0.0
        ],
        [
          0.0,
          0.3,
          -0.35,
          -0.35
        ],
        [
          0.997,
          1.2,
          -0.2,
          -0.3
        ],
        [
          1.3,
          0.0,
          0.0,
          0.0
        ]
      ]
    },
    {
      "index": 44,
      "name": "BetaMouth",
      "vec4": [
        [
          8.0,
          3.5,
          0.0872665,
          0.05
        ],
        [
          0.6,
          -0.16,
          0.0,
          0.0025
        ],
        [
          0.78,
          0.55,
          0.78,
          10.0
        ],
        [
          0.8,
          0.8,
          -0.12,
          -0.12
        ],
        [
          0.997,
          1.4,
          -0.4,
          1.3
        ],
        [
          -0.3,
          0.0,
          0.0,
          0.0
        ]
      ]
    },
    {
      "index": 45,
      "name": "ATTRACTOR_REPULSOR",
      "vec4": [
        [
          12.0,
          3.0,
          0.0,
          0.015
        ],
        [
          0.0,
          0.0,
          0.0,
          0.001
        ],
        [
          0.6,
          0.7,
          0.9,
          0.0
        ],
        [
          0.0,
          0.3,
          0.53,
          0.53
        ],
        [
          0.997,
          1.0,
          0.0,
          0.75
        ],
        [
          0.25,
          0.0,
          0.0,
          0.0
        ]
      ]
    },
    {
      "index": 46,
      "name": "SPIKE",
      "vec4": [
        [
          20.0,
          0.5,
          0.0,
          0.02
        ],
        [
          0.0,
          0.0,
          0.0,
          0.001
        ],
        [
          0.3,
          0.8,
          0.4,
          0.0
        ],
        [
          0.0,
          0.3,
          0.0,
          0.0
        ],
        [
          0.3,
          0.8,
          0.4,
          0.8
        ],
        [
          0.15,
          0.0,
          0.0,
          0.0
        ]
      ]
    }
  ]
}